{
  "num_runs": 10,
  "max_iter": 100,
  "pop_size": 30,
  "timestamp": "2026-04-05T15:00:42.106805",
  "total_time": 3094.1142070293427
}